model,observation_iteration,outcome,fit_status,final_rows,final_events,current_margin_auc,current_margin_average_precision,current_margin_top_decile_lift,margin_unordered_auc,margin_unordered_average_precision,margin_unordered_top_decile_lift,margin_ordered_auc,margin_ordered_average_precision,margin_ordered_top_decile_lift,logit_history_auc,logit_history_average_precision,logit_history_top_decile_lift,raw_hidden_auc,raw_hidden_average_precision,raw_hidden_top_decile_lift,residual_pca_auc,residual_pca_average_precision,residual_pca_top_decile_lift
stable_plain,32,final_loss,discovery split has only one class,1075,0,nan,nan,nan,,,,,,,,,,,,,,,
stable_plain,64,final_loss,discovery split has only one class,1128,0,nan,nan,nan,,,,,,,,,,,,,,,
stable_plain,128,final_loss,discovery split has only one class,1128,0,nan,nan,nan,,,,,,,,,,,,,,,
stable_plain,256,final_loss,discovery split has only one class,1128,0,nan,nan,nan,,,,,,,,,,,,,,,
stable_plain,512,final_loss,discovery split has only one class,1128,0,nan,nan,nan,,,,,,,,,,,,,,,
stable_plain,768,final_loss,discovery split has only one class,1128,0,nan,nan,nan,,,,,,,,,,,,,,,
collapsed_plain,32,final_loss,fit,936,210,0.7090646727010363,0.3368027214989381,1.280243161094225,0.7612357339630067,0.3895463442811745,1.8018237082066868,0.7318837727928637,0.3837085981710801,1.6595744680851063,0.7720844811753903,0.3982192052965813,1.7544072948328266,0.8550898596353141,0.5404678818498362,2.7975683890577505,0.854355240718877,0.5406378612574522,2.370820668693009
collapsed_plain,64,final_loss,fit,993,224,0.7646526100687349,0.37135503847774265,1.1525892857142856,0.7716538175738435,0.3796889290631173,1.4185714285714286,0.7344707876648708,0.37704308458460273,1.6845535714285715,0.8001869310793238,0.41647266984588666,1.6845535714285715,0.8502577558981981,0.576297452742903,2.9701339285714288,0.8533868196173138,0.5557752002924105,2.8814732142857142
collapsed_plain,128,final_loss,fit,1031,222,0.7954877003084667,0.40654718105583415,2.054140679140679,0.8282720297553425,0.46557607319503713,2.500693000693001,0.8354547378033162,0.48534291219693176,2.7686243936243935,0.8358834730899007,0.48027020723172,2.590003465003465,0.88483724763082,0.6026660785626404,3.125866250866251,0.8792191449793427,0.5840209884608725,3.125866250866251
collapsed_plain,256,final_loss,fit,1045,222,0.8306404825238362,0.4515865375526093,2.4656799656799655,0.8303339791796657,0.44956681926548536,2.4208494208494207,0.8409466574715664,0.48365635058654305,2.4208494208494207,0.840027147439055,0.506557910635442,2.376018876018876,0.8833152715291233,0.6252966688091163,3.2277992277992276,0.890638512145195,0.6456789550678947,3.182968682968683
collapsed_plain,512,final_loss,fit,1061,194,0.8753314545951795,0.5294814769338081,3.2712207341747757,0.8261988846478555,0.4846260763324094,2.657866846517005,0.835045601017848,0.4297466648383241,2.35118990268812,0.8505154639175257,0.42993220474873656,2.504528374602563,0.8951117135756668,0.5867736390538522,3.5267848540321802,0.9008252178979536,0.5783749131562288,3.5267848540321802
collapsed_plain,768,final_loss,fit,968,110,0.8787031150667515,0.391602341690996,3.8103092783505157,0.8840220385674931,0.4216539001225936,4.17319587628866,0.8780567916931553,0.34345519255269796,3.0845360824742265,0.8776011866920957,0.3597112648094232,3.175257731958763,0.9009006145369782,0.4448052347453387,4.445360824742268,0.913721127357491,0.526565659847511,4.626804123711341
late_state_ce,32,final_loss,discovery split has only one class,1020,0,nan,nan,nan,,,,,,,,,,,,,,,
late_state_ce,64,final_loss,discovery split has only one class,1050,0,nan,nan,nan,,,,,,,,,,,,,,,
late_state_ce,128,final_loss,discovery split has only one class,1128,0,nan,nan,nan,,,,,,,,,,,,,,,
late_state_ce,256,final_loss,discovery split has only one class,1128,0,nan,nan,nan,,,,,,,,,,,,,,,
late_state_ce,512,final_loss,discovery split has only one class,1128,0,nan,nan,nan,,,,,,,,,,,,,,,
late_state_ce,768,final_loss,discovery split has only one class,1128,0,nan,nan,nan,,,,,,,,,,,,,,,
combined_margin,32,final_loss,discovery split has only one class,1074,0,nan,nan,nan,,,,,,,,,,,,,,,
combined_margin,64,final_loss,discovery split has only one class,1076,0,nan,nan,nan,,,,,,,,,,,,,,,
combined_margin,128,final_loss,discovery split has only one class,1128,0,nan,nan,nan,,,,,,,,,,,,,,,
combined_margin,256,final_loss,discovery split has only one class,1128,0,nan,nan,nan,,,,,,,,,,,,,,,
combined_margin,512,final_loss,discovery split has only one class,1128,0,nan,nan,nan,,,,,,,,,,,,,,,
combined_margin,768,final_loss,discovery split has only one class,1128,0,nan,nan,nan,,,,,,,,,,,,,,,
stable_plain,32,any_future_loss,discovery split has only one class,1075,0,nan,nan,nan,,,,,,,,,,,,,,,
stable_plain,64,any_future_loss,discovery split has only one class,1128,0,nan,nan,nan,,,,,,,,,,,,,,,
stable_plain,128,any_future_loss,discovery split has only one class,1128,0,nan,nan,nan,,,,,,,,,,,,,,,
stable_plain,256,any_future_loss,discovery split has only one class,1128,0,nan,nan,nan,,,,,,,,,,,,,,,
stable_plain,512,any_future_loss,discovery split has only one class,1128,0,nan,nan,nan,,,,,,,,,,,,,,,
stable_plain,768,any_future_loss,discovery split has only one class,1128,0,nan,nan,nan,,,,,,,,,,,,,,,
collapsed_plain,32,any_future_loss,fit,936,233,0.7088932166863046,0.36863616492343326,1.3675463427997443,0.7538446510662459,0.4188053302965025,1.7094329284996803,0.7228798710614839,0.40494855647997335,1.5812254588622043,0.7638386070733033,0.4252888099158564,1.6666971052871884,0.8589002374861874,0.6087268827270143,2.6496210391745043,0.8569832538660187,0.5992916633646713,2.5214135695370286
collapsed_plain,64,any_future_loss,fit,993,252,0.7719673114409956,0.4206603912915845,1.300357142857143,0.7837917443180601,0.43917470331904596,1.7732142857142859,0.7476865240023135,0.4379375313177261,1.8520238095238095,0.8103752972174025,0.4746795784393377,1.7732142857142859,0.8515144699355226,0.6229283396012498,2.7583333333333333,0.8529336160915109,0.6144155831002495,2.797738095238095
collapsed_plain,128,any_future_loss,fit,1031,248,0.801543896510526,0.45610899089764184,2.0786290322580645,0.8364437852758209,0.5223310455615511,2.5183390198511164,0.8435349977341079,0.5414611373335492,2.7581808312655087,0.8443280599843448,0.5414618031305701,2.5982862903225805,0.895125242038479,0.6888302866813975,3.2778380893300247,0.8910054381411445,0.6782334340536598,3.117943548387097
collapsed_plain,256,any_future_loss,fit,1045,247,0.8405122117033474,0.5060070445220145,2.498168498168498,0.8370876584172983,0.4963261512810256,2.3772893772893773,0.8514961492800828,0.5448290522871717,2.5384615384615383,0.8530739804978033,0.5869963634376966,2.498168498168498,0.8955333678325368,0.7071617587988235,3.384615384615385,0.9030115775268129,0.7299983682118087,3.505494505494506
collapsed_plain,512,any_future_loss,fit,1061,215,0.8869976359338061,0.5987248038234371,3.5051510541186697,0.8322392654901314,0.4912679338020925,2.5366224733753526,0.8434713288251141,0.47489824727116225,2.444381656161704,0.8638077959206114,0.4863250176606037,2.444381656161704,0.9090714167903678,0.6858330859331269,3.827993914366442,0.9065973940293583,0.6540893546663202,3.5973918713323187
collapsed_plain,768,any_future_loss,fit,968,118,0.8896610169491526,0.4522515611487369,3.9748383714834876,0.8912362911266202,0.4460451495918032,4.228551459024986,0.8888035892323031,0.38717248305835444,3.29827013803949,0.8893320039880359,0.3953513537635731,3.6365542547614886,0.9167597208374876,0.5085313912803922,4.735977634107985,0.9271585244267199,0.6000464723237809,4.905119692468984
late_state_ce,32,any_future_loss,discovery split has only one class,1020,0,nan,nan,nan,,,,,,,,,,,,,,,
late_state_ce,64,any_future_loss,discovery split has only one class,1050,0,nan,nan,nan,,,,,,,,,,,,,,,
late_state_ce,128,any_future_loss,discovery split has only one class,1128,0,nan,nan,nan,,,,,,,,,,,,,,,
late_state_ce,256,any_future_loss,discovery split has only one class,1128,0,nan,nan,nan,,,,,,,,,,,,,,,
late_state_ce,512,any_future_loss,discovery split has only one class,1128,0,nan,nan,nan,,,,,,,,,,,,,,,
late_state_ce,768,any_future_loss,discovery split has only one class,1128,0,nan,nan,nan,,,,,,,,,,,,,,,
combined_margin,32,any_future_loss,fit,1074,0,nan,nan,nan,nan,nan,nan,nan,nan,nan,nan,nan,nan,nan,nan,nan,nan,nan,nan
combined_margin,64,any_future_loss,fit,1076,0,nan,nan,nan,nan,nan,nan,nan,nan,nan,nan,nan,nan,nan,nan,nan,nan,nan,nan
combined_margin,128,any_future_loss,fit,1128,0,nan,nan,nan,nan,nan,nan,nan,nan,nan,nan,nan,nan,nan,nan,nan,nan,nan,nan
combined_margin,256,any_future_loss,discovery split has only one class,1128,0,nan,nan,nan,,,,,,,,,,,,,,,
combined_margin,512,any_future_loss,discovery split has only one class,1128,0,nan,nan,nan,,,,,,,,,,,,,,,
combined_margin,768,any_future_loss,discovery split has only one class,1128,0,nan,nan,nan,,,,,,,,,,,,,,,
