model,split,snapshot,expected_row_conflicts,expected_column_conflicts,expected_box_conflicts,expected_unique_conflicts,hard_unique_conflicts,joint_candidate_deviation,target_candidate_legal_fraction,prediction_accuracy,valid_board_fraction,solved_board_fraction
stable_plain,discovery,0,0.9154554605484009,0.915561854839325,0.9155316948890686,2.2892000675201416,14.160216331481934,2.423042304230423,0.882988298829883,0.11701170117011701,0.0,0.0
stable_plain,discovery,1,0.6598570346832275,0.6594609618186951,0.6627423763275146,1.6057822704315186,1.3861385583877563,0.49954995499549953,0.28802880288028804,0.504950495049505,0.0,0.0
stable_plain,discovery,2,0.49333980679512024,0.49729615449905396,0.4960746765136719,1.1886647939682007,0.7686768770217896,0.45724572457245727,0.4221422142214221,0.6273627362736274,0.0,0.0
stable_plain,discovery,4,0.3011334538459778,0.30332696437835693,0.30282026529312134,0.7206677794456482,0.30603060126304626,0.1998199819981998,0.7182718271827183,0.8028802880288028,0.2,0.2
stable_plain,discovery,8,0.09609710425138474,0.09673305600881577,0.09676283597946167,0.2328108251094818,0.09720972180366516,0.05670567056705671,0.873087308730873,0.8964896489648965,0.8,0.8
stable_plain,discovery,16,0.08220899850130081,0.0822770744562149,0.08232976496219635,0.20078901946544647,0.13861386477947235,0.06570657065706571,0.9036903690369037,0.927992799279928,0.85,0.85
stable_plain,discovery,32,0.032980337738990784,0.03284022584557533,0.03287192061543465,0.08116259425878525,0.052205219864845276,0.0333033303330333,0.963096309630963,0.972997299729973,0.95,0.95
stable_plain,discovery,64,5.767052200372769e-12,6.130018801592252e-12,5.872648721483298e-12,1.35262105335765e-11,0.0,0.0,1.0,1.0,1.0,1.0
stable_plain,discovery,128,2.941199359756002e-40,5.2249094800507994e-40,2.9480797352158367e-40,8.23059659513503e-40,0.0,0.0,1.0,1.0,1.0,1.0
stable_plain,discovery,256,0.0,0.0,0.0,0.0,0.0,0.0,1.0,1.0,1.0,1.0
stable_plain,discovery,512,0.0,0.0,0.0,0.0,0.0,0.0,1.0,1.0,1.0,1.0
stable_plain,discovery,1024,0.0,0.0,0.0,0.0,0.0,0.0,1.0,1.0,1.0,1.0
stable_plain,validation,0,0.9139986634254456,0.9143473505973816,0.9137535691261292,2.2856762409210205,14.2158784866333,2.4210526315789473,0.8831400535236396,0.11685994647636039,0.0,0.0
stable_plain,validation,1,0.6726551055908203,0.673723042011261,0.6811407208442688,1.6431785821914673,1.4861730337142944,0.5486173059768065,0.280107047279215,0.48438893844781444,0.0,0.0
stable_plain,validation,2,0.5234290361404419,0.5281720161437988,0.5259956121444702,1.2652466297149658,0.8581623435020447,0.47546833184656556,0.42105263157894735,0.6306868867082962,0.0,0.0
stable_plain,validation,4,0.3407462239265442,0.3415636718273163,0.3428986072540283,0.8164862990379333,0.43532559275627136,0.2622658340767172,0.6619090098126673,0.7591436217662801,0.2,0.2
stable_plain,validation,8,0.1852998286485672,0.18387332558631897,0.18407800793647766,0.4472237527370453,0.1516503095626831,0.09188224799286351,0.8099910793933988,0.8510258697591436,0.55,0.55
stable_plain,validation,16,0.09400685876607895,0.09335023164749146,0.09346771985292435,0.23064276576042175,0.14986619353294373,0.08296164139161463,0.8965209634255129,0.9330954504906334,0.85,0.85
stable_plain,validation,32,0.031095556914806366,0.0313226580619812,0.031152185052633286,0.07754740864038467,0.05530776083469391,0.02230151650312221,0.9643175735950045,0.9705619982158786,0.95,0.95
stable_plain,validation,64,0.03273880109190941,0.03271325305104256,0.03270367532968521,0.08148552477359772,0.06244424730539322,0.03300624442462088,0.9580731489741302,0.9723461195361285,0.95,0.95
stable_plain,validation,128,6.18349419818417e-29,8.390884359469018e-29,6.129201631198786e-29,1.5205121818146223e-28,0.0,0.0,1.0,1.0,1.0,1.0
stable_plain,validation,256,0.0,0.0,0.0,0.0,0.0,0.0,1.0,1.0,1.0,1.0
stable_plain,validation,512,0.0,0.0,0.0,0.0,0.0,0.0,1.0,1.0,1.0,1.0
stable_plain,validation,1024,0.0,0.0,0.0,0.0,0.0,0.0,1.0,1.0,1.0,1.0
stable_plain,final,0,0.915521502494812,0.915265679359436,0.914667010307312,2.2882468700408936,14.42641830444336,2.515957446808511,0.8882978723404256,0.11170212765957446,0.0,0.0
stable_plain,final,1,0.6808376312255859,0.6860361099243164,0.6857606172561646,1.6657989025115967,1.5496454238891602,0.5629432624113475,0.26861702127659576,0.4849290780141844,0.0,0.0
stable_plain,final,2,0.5424063205718994,0.546233057975769,0.5469275116920471,1.3177001476287842,0.9007092118263245,0.47074468085106386,0.4015957446808511,0.6143617021276596,0.0,0.0
stable_plain,final,4,0.3631233274936676,0.3671936094760895,0.36765971779823303,0.8770197033882141,0.40780141949653625,0.25620567375886527,0.6054964539007093,0.7101063829787234,0.1,0.1
stable_plain,final,8,0.2177717238664627,0.2186422348022461,0.21933861076831818,0.536296010017395,0.24113474786281586,0.12677304964539007,0.7641843971631206,0.8067375886524822,0.6,0.6
stable_plain,final,16,0.1495959758758545,0.15022355318069458,0.15014560520648956,0.37049779295921326,0.19680851697921753,0.10549645390070922,0.848404255319149,0.8945035460992907,0.75,0.75
stable_plain,final,32,0.0681953877210617,0.06801024824380875,0.0684124156832695,0.16742490231990814,0.12056737393140793,0.05230496453900709,0.9299645390070922,0.9574468085106383,0.9,0.9
stable_plain,final,64,3.291558730180674e-23,3.446249620529083e-23,3.7090384362642895e-23,6.958269414625701e-23,0.0,0.0,1.0,1.0,1.0,1.0
stable_plain,final,128,1.401298464324817e-45,0.0,1.401298464324817e-45,1.401298464324817e-45,0.0,0.0,1.0,1.0,1.0,1.0
stable_plain,final,256,0.0,0.0,0.0,0.0,0.0,0.0,1.0,1.0,1.0,1.0
stable_plain,final,512,0.0,0.0,0.0,0.0,0.0,0.0,1.0,1.0,1.0,1.0
stable_plain,final,1024,0.0,0.0,0.0,0.0,0.0,0.0,1.0,1.0,1.0,1.0
collapsed_plain,discovery,0,0.9250969290733337,0.9248558878898621,0.9243380427360535,2.3130545616149902,14.269126892089844,2.4824482448244822,0.891989198919892,0.10801080108010801,0.0,0.0
collapsed_plain,discovery,1,0.6331126689910889,0.6162199378013611,0.6223242282867432,1.5101593732833862,1.2763276100158691,0.5454545454545454,0.32223222322232226,0.5373537353735374,0.0,0.0
collapsed_plain,discovery,2,0.4907377064228058,0.4790712594985962,0.48016616702079773,1.162147879600525,0.7632763385772705,0.43114311431143115,0.44374437443744374,0.6273627362736274,0.0,0.0
collapsed_plain,discovery,4,0.3185317814350128,0.31088313460350037,0.31464606523513794,0.7510969042778015,0.38883888721466064,0.24662466246624662,0.6687668766876688,0.7767776777677767,0.1,0.1
collapsed_plain,discovery,8,0.09890132397413254,0.09614748507738113,0.09772050380706787,0.23589958250522614,0.09360936284065247,0.05670567056705671,0.8676867686768677,0.8883888388838884,0.75,0.75
collapsed_plain,discovery,16,0.11220064014196396,0.1115359514951706,0.11176891624927521,0.27347519993782043,0.14581458270549774,0.0891089108910891,0.8667866786678667,0.8991899189918992,0.8,0.8
collapsed_plain,discovery,32,0.08388396352529526,0.08326064795255661,0.08371002972126007,0.20521286129951477,0.13141314685344696,0.06930693069306931,0.9108910891089109,0.9360936093609361,0.85,0.85
collapsed_plain,discovery,64,0.06608210504055023,0.06529317051172256,0.06557918339967728,0.163213312625885,0.13141314685344696,0.05490549054905491,0.9261926192619262,0.9441944194419442,0.9,0.9
collapsed_plain,discovery,128,1.276118831916237e-13,1.8257427904580514e-13,1.332403019296477e-13,3.406865176254492e-13,0.0,0.0,1.0,1.0,1.0,1.0
collapsed_plain,discovery,256,1.7046872358150722e-08,2.9439098270245267e-08,1.6654180257091866e-08,4.9149821990113196e-08,0.0,0.0,1.0,1.0,1.0,1.0
collapsed_plain,discovery,512,0.003456413745880127,0.0031275383662432432,0.003482059808447957,0.009374200366437435,0.0,0.0,1.0,1.0,1.0,1.0
collapsed_plain,discovery,1024,0.2045690268278122,0.2072795033454895,0.2102847546339035,0.5294533371925354,0.5121512413024902,0.19081908190819083,0.8397839783978398,0.8523852385238524,0.05,0.05
collapsed_plain,validation,0,0.9224305748939514,0.9228866100311279,0.9227496385574341,2.307624578475952,14.256021499633789,2.4299732381801964,0.8858162355040142,0.11418376449598573,0.0,0.0
collapsed_plain,validation,1,0.6491985321044922,0.6355858445167542,0.6414856910705566,1.557091474533081,1.2845673561096191,0.5486173059768065,0.3157894736842105,0.5209634255129348,0.0,0.0
collapsed_plain,validation,2,0.5279518961906433,0.5130682587623596,0.5161945819854736,1.2546693086624146,0.8367528915405273,0.47992863514719003,0.42462087421944694,0.6181980374665478,0.0,0.0
collapsed_plain,validation,4,0.3339970111846924,0.3291577398777008,0.3309469223022461,0.7935084104537964,0.3978590667247772,0.22925958965209633,0.6940231935771632,0.7930419268510259,0.1,0.1
collapsed_plain,validation,8,0.15578867495059967,0.15467005968093872,0.1546505093574524,0.3797154426574707,0.1766280084848404,0.08742194469223907,0.8331846565566459,0.8768956289027654,0.65,0.65
collapsed_plain,validation,16,0.03877439349889755,0.03859324008226395,0.03864090144634247,0.09578637778759003,0.06066012382507324,0.03300624442462088,0.9589652096342551,0.9741302408563782,0.9,0.9
collapsed_plain,validation,32,0.03222781792283058,0.03229963406920433,0.03226841241121292,0.080308698117733,0.058876004070043564,0.027653880463871544,0.9643175735950045,0.9750223015165032,0.95,0.95
collapsed_plain,validation,64,0.03294092044234276,0.0327904112637043,0.03234428912401199,0.08110351115465164,0.06958073377609253,0.027653880463871544,0.9562890276538805,0.9705619982158786,0.95,0.95
collapsed_plain,validation,128,0.03329678252339363,0.033255111426115036,0.03296487778425217,0.08196572959423065,0.0874219462275505,0.019625334522747548,0.9562890276538805,0.967885816235504,0.95,0.95
collapsed_plain,validation,256,0.03467607498168945,0.03398692607879639,0.03555638715624809,0.08566506952047348,0.08652988076210022,0.027653880463871544,0.9589652096342551,0.9687778768956289,0.95,0.95
collapsed_plain,validation,512,0.06425148248672485,0.06582171469926834,0.06539380550384521,0.1621352583169937,0.17395183444023132,0.060660124888492414,0.9241748438893844,0.944692239072257,0.8,0.8
collapsed_plain,validation,1024,0.29454460740089417,0.290580153465271,0.2892044186592102,0.7319896817207336,0.7832292318344116,0.2872435325602141,0.768064228367529,0.7894736842105263,0.0,0.0
collapsed_plain,final,0,0.9252750873565674,0.9251735210418701,0.9261782169342041,2.314544439315796,14.506205558776855,2.5682624113475176,0.8936170212765957,0.10638297872340426,0.0,0.0
collapsed_plain,final,1,0.6625863313674927,0.6457528471946716,0.6500080823898315,1.5858217477798462,1.4078013896942139,0.5540780141843972,0.2783687943262411,0.5079787234042553,0.0,0.0
collapsed_plain,final,2,0.5428329110145569,0.5325809717178345,0.5371719002723694,1.304399847984314,0.9822695255279541,0.45390070921985815,0.4166666666666667,0.6134751773049646,0.0,0.0
collapsed_plain,final,4,0.37579360604286194,0.3668513596057892,0.3737400770187378,0.893528163433075,0.45035460591316223,0.2783687943262411,0.5735815602836879,0.6870567375886525,0.05,0.05
collapsed_plain,final,8,0.22388359904289246,0.22265680134296417,0.22324587404727936,0.5472131371498108,0.23758865892887115,0.1320921985815603,0.7881205673758865,0.8439716312056738,0.65,0.65
collapsed_plain,final,16,0.18828125298023224,0.1871376633644104,0.18758276104927063,0.4615047872066498,0.2943262457847595,0.13918439716312056,0.7916666666666666,0.8457446808510638,0.7,0.7
collapsed_plain,final,32,0.12725722789764404,0.1273641139268875,0.12692716717720032,0.31550920009613037,0.20921985805034637,0.09574468085106383,0.8457446808510638,0.8874113475177305,0.8,0.8
collapsed_plain,final,64,0.09970132261514664,0.10001131892204285,0.09932088106870651,0.24764858186244965,0.22517730295658112,0.09308510638297872,0.87677304964539,0.9104609929078015,0.85,0.85
collapsed_plain,final,128,0.06836365163326263,0.0697871521115303,0.06883181631565094,0.17326711118221283,0.19326241314411163,0.04875886524822695,0.9210992907801419,0.9335106382978723,0.9,0.9
collapsed_plain,final,256,0.07188737392425537,0.07482412457466125,0.0723218247294426,0.1829509735107422,0.2047872394323349,0.05585106382978723,0.9237588652482269,0.9317375886524822,0.9,0.9
collapsed_plain,final,512,0.06290248036384583,0.06252007186412811,0.06185152754187584,0.16174229979515076,0.16046099364757538,0.057624113475177305,0.9326241134751773,0.949468085106383,0.8,0.8
collapsed_plain,final,1024,0.32295724749565125,0.32457801699638367,0.32950320839881897,0.8459697365760803,0.8741135001182556,0.3067375886524823,0.7544326241134752,0.7730496453900709,0.1,0.1
late_state_ce,discovery,0,0.9151173233985901,0.916008710861206,0.9159178137779236,2.289419412612915,14.217822074890137,2.466246624662466,0.8874887488748875,0.11251125112511251,0.0,0.0
late_state_ce,discovery,1,0.6318557858467102,0.6185465455055237,0.6356374621391296,1.5213507413864136,1.3303329944610596,0.5265526552655265,0.2907290729072907,0.5202520252025202,0.0,0.0
late_state_ce,discovery,2,0.48298364877700806,0.4761987030506134,0.4841121733188629,1.1568338871002197,0.7758775949478149,0.4365436543654365,0.43384338433843384,0.6255625562556255,0.0,0.0
late_state_ce,discovery,4,0.29137569665908813,0.28722918033599854,0.2933984100818634,0.6914377808570862,0.2916291654109955,0.19441944194419442,0.7308730873087309,0.8145814581458146,0.2,0.2
late_state_ce,discovery,8,0.10304306447505951,0.10214952379465103,0.10328355431556702,0.24992747604846954,0.10081008076667786,0.054005400540054004,0.8856885688568857,0.8946894689468947,0.8,0.8
late_state_ce,discovery,16,0.10418938845396042,0.10388687252998352,0.10405701398849487,0.2524833083152771,0.11341134458780289,0.063006300630063,0.9153915391539154,0.9396939693969397,0.8,0.8
late_state_ce,discovery,32,0.03113963082432747,0.031149670481681824,0.031193984672427177,0.07750022411346436,0.05580557882785797,0.0297029702970297,0.963996399639964,0.9765976597659766,0.95,0.95
late_state_ce,discovery,64,0.03128807991743088,0.031145183369517326,0.031260814517736435,0.07771071791648865,0.04860486090183258,0.0288028802880288,0.9594959495949595,0.9684968496849685,0.95,0.95
late_state_ce,discovery,128,3.671006197691895e-06,3.6936974083801033e-06,3.6517014905257383e-06,8.903552043193486e-06,0.0,0.0,1.0,1.0,1.0,1.0
late_state_ce,discovery,256,6.7561450123321265e-06,6.706128260702826e-06,6.798577032895992e-06,1.603641976544168e-05,0.0,0.0,1.0,1.0,1.0,1.0
late_state_ce,discovery,512,7.921025826362893e-05,4.638475365936756e-05,7.925461250124499e-05,0.00013128678256180137,0.0,0.0,1.0,1.0,1.0,1.0
late_state_ce,discovery,1024,4.457157774595544e-05,2.8653708795900457e-05,4.4716962293023244e-05,7.836773875169456e-05,0.0,0.0,1.0,1.0,1.0,1.0
late_state_ce,validation,0,0.9179824590682983,0.9173983335494995,0.9175456166267395,2.294438362121582,14.305085182189941,2.4745762711864407,0.8893844781445138,0.11061552185548618,0.0,0.0
late_state_ce,validation,1,0.645491898059845,0.6356086730957031,0.6528126001358032,1.563551664352417,1.3826940059661865,0.5405887600356825,0.2863514719000892,0.5013380909901873,0.0,0.0
late_state_ce,validation,2,0.5180832743644714,0.5101794004440308,0.518032431602478,1.2428959608078003,0.8331846594810486,0.4665477252453167,0.41837644959857273,0.6164139161462979,0.0,0.0
late_state_ce,validation,4,0.3393670618534088,0.3358498811721802,0.34126144647598267,0.8111118674278259,0.4174844026565552,0.2408563782337199,0.6761819803746655,0.7743086529884032,0.2,0.2
late_state_ce,validation,8,0.13743817806243896,0.1371043622493744,0.13753671944141388,0.3359716236591339,0.17127564549446106,0.09455842997323818,0.8501338090990187,0.8929527207850134,0.65,0.65
late_state_ce,validation,16,0.06335015594959259,0.06350063532590866,0.0634569302201271,0.15671809017658234,0.10169491171836853,0.05263157894736842,0.9313113291703836,0.9545049063336307,0.9,0.9
late_state_ce,validation,32,0.03347892686724663,0.03326484560966492,0.0332917720079422,0.08316075056791306,0.06244424730539322,0.028545941123996433,0.9652096342551294,0.9732381801962533,0.95,0.95
late_state_ce,validation,64,0.03370777517557144,0.033514153212308884,0.03358147665858269,0.0840572789311409,0.058876004070043564,0.025869759143621766,0.9598572702943801,0.9714540588760036,0.95,0.95
late_state_ce,validation,128,0.0328369215130806,0.032701436430215836,0.032713573426008224,0.08169892430305481,0.06066012382507324,0.02408563782337199,0.9643175735950045,0.9714540588760036,0.95,0.95
late_state_ce,validation,256,0.030642138794064522,0.030602768063545227,0.030645890161395073,0.0763501524925232,0.033898305147886276,0.01873327386262266,0.967885816235504,0.975914362176628,0.95,0.95
late_state_ce,validation,512,1.4167534573061857e-05,1.4225527593225706e-05,1.4205643310560845e-05,3.3558924769749865e-05,0.0,0.0,1.0,1.0,1.0,1.0
late_state_ce,validation,1024,2.7679137929226272e-05,2.4425904484814964e-05,2.7515819965628907e-05,6.718528311466798e-05,0.0,0.0,1.0,1.0,1.0,1.0
late_state_ce,final,0,0.9165942668914795,0.9169310331344604,0.9160265326499939,2.2917187213897705,14.478723526000977,2.551418439716312,0.8927304964539007,0.10726950354609929,0.0,0.0
late_state_ce,final,1,0.65956711769104,0.6482237577438354,0.6627969145774841,1.5971627235412598,1.377659559249878,0.5549645390070922,0.25443262411347517,0.500886524822695,0.0,0.0
late_state_ce,final,2,0.5306152105331421,0.5250786542892456,0.5341892242431641,1.2850143909454346,0.8953900933265686,0.45478723404255317,0.4078014184397163,0.6152482269503546,0.0,0.0
late_state_ce,final,4,0.3695417046546936,0.3657374680042267,0.37306177616119385,0.8878000974655151,0.41843971610069275,0.24822695035460993,0.6099290780141844,0.7180851063829787,0.05,0.05
late_state_ce,final,8,0.19786228239536285,0.197353795170784,0.1980816274881363,0.48361676931381226,0.19326241314411163,0.1125886524822695,0.8058510638297872,0.849290780141844,0.65,0.65
late_state_ce,final,16,0.09972713887691498,0.09956711530685425,0.09972071647644043,0.24687832593917847,0.19148936867713928,0.09574468085106383,0.8847517730496454,0.9273049645390071,0.85,0.85
late_state_ce,final,32,0.06593251973390579,0.06594794988632202,0.06588880717754364,0.1635000854730606,0.12588652968406677,0.05851063829787234,0.9122340425531915,0.9317375886524822,0.9,0.9
late_state_ce,final,64,0.06540966778993607,0.0654909759759903,0.06543705612421036,0.16199131309986115,0.10106383264064789,0.047872340425531915,0.9273049645390071,0.9485815602836879,0.9,0.9
late_state_ce,final,128,3.979528173658764e-06,3.956757154810475e-06,3.959552032029023e-06,9.542325642541982e-06,0.0,0.0,1.0,1.0,1.0,1.0
late_state_ce,final,256,7.5771513365907595e-06,8.583262570027728e-06,8.5269730334403e-06,2.0697434592875652e-05,0.0,0.0,1.0,1.0,1.0,1.0
late_state_ce,final,512,1.2647316907532513e-05,1.2659087587962858e-05,1.2748589142574929e-05,3.1063551432453096e-05,0.0,0.0,1.0,1.0,1.0,1.0
late_state_ce,final,1024,1.5490752048208378e-05,1.5314424672396854e-05,1.5597446690662764e-05,3.7368728953879327e-05,0.0,0.0,1.0,1.0,1.0,1.0
combined_margin,discovery,0,0.897575855255127,0.8982973098754883,0.8977303504943848,2.244689464569092,14.217822074890137,2.466246624662466,0.8874887488748875,0.11251125112511251,0.0,0.0
combined_margin,discovery,1,0.6647513508796692,0.6240781545639038,0.6365299820899963,1.550325870513916,1.4257426261901855,0.5265526552655265,0.28532853285328535,0.5076507650765076,0.0,0.0
combined_margin,discovery,2,0.5045142769813538,0.4842569828033447,0.48715323209762573,1.183849811553955,0.8118811845779419,0.44284428442844287,0.42844284428442847,0.6246624662466247,0.0,0.0
combined_margin,discovery,4,0.32572996616363525,0.3200954794883728,0.32200026512145996,0.7680873870849609,0.37083709239959717,0.23582358235823583,0.6876687668766877,0.783978397839784,0.15,0.15
combined_margin,discovery,8,0.11677329987287521,0.11581717431545258,0.116425521671772,0.2826232612133026,0.12421242147684097,0.0702070207020702,0.8496849684968497,0.8748874887488749,0.75,0.75
combined_margin,discovery,16,0.10153993964195251,0.10065248608589172,0.10106684267520905,0.24642634391784668,0.12241224199533463,0.07200720072007201,0.8640864086408641,0.8865886588658866,0.8,0.8
combined_margin,discovery,32,0.06095265597105026,0.06076020374894142,0.060847874730825424,0.15045645833015442,0.09360936284065247,0.048604860486048604,0.9153915391539154,0.9351935193519352,0.9,0.9
combined_margin,discovery,64,0.061378445476293564,0.061066530644893646,0.061090387403964996,0.1519097536802292,0.07740774005651474,0.04590459045904591,0.9288928892889289,0.9450945094509451,0.9,0.9
combined_margin,discovery,128,0.06303109973669052,0.06267855316400528,0.06285008788108826,0.1559857875108719,0.1026102602481842,0.048604860486048604,0.918991899189919,0.9378937893789379,0.9,0.9
combined_margin,discovery,256,0.03136896342039108,0.03129724785685539,0.03131328523159027,0.07793235033750534,0.04320431873202324,0.022502250225022502,0.9567956795679567,0.9612961296129613,0.95,0.95
combined_margin,discovery,512,0.0009479913278482854,0.0009479802683927119,0.000947368040215224,0.0019144854741171002,0.0018001800635829568,0.0018001800180018,0.9585958595859586,0.9585958595859586,0.95,0.95
combined_margin,discovery,1024,0.0009789974428713322,0.0009793767239898443,0.0009778935927897692,0.0019898531027138233,0.0018001800635829568,0.0018001800180018,0.9585958595859586,0.9585958595859586,0.95,0.95
combined_margin,validation,0,0.8995980024337769,0.8988544940948486,0.8989105224609375,2.247892141342163,14.305085182189941,2.4745762711864407,0.8893844781445138,0.11061552185548618,0.0,0.0
combined_margin,validation,1,0.675521969795227,0.6429834365844727,0.6530368328094482,1.5924032926559448,1.4201605319976807,0.5932203389830508,0.2783229259589652,0.49866190900981266,0.0,0.0
combined_margin,validation,2,0.5400475859642029,0.5241542458534241,0.5271491408348083,1.2831584215164185,0.8474576473236084,0.4665477252453167,0.4041034790365745,0.6030330062444246,0.0,0.0
combined_margin,validation,4,0.3481872081756592,0.3424948751926422,0.3446638882160187,0.8263447880744934,0.4067796468734741,0.247992863514719,0.6663693131132917,0.7671721677074042,0.15,0.15
combined_margin,validation,8,0.17451544106006622,0.17358921468257904,0.17410041391849518,0.4295128583908081,0.15521855652332306,0.09009812667261374,0.8215878679750223,0.8617305976806423,0.65,0.65
combined_margin,validation,16,0.10136090964078903,0.10042238980531693,0.10037188977003098,0.2486744374036789,0.14272969961166382,0.08028545941123996,0.8617305976806423,0.8965209634255129,0.8,0.8
combined_margin,validation,32,0.06036490574479103,0.06046221777796745,0.06020199507474899,0.15073087811470032,0.11061552166938782,0.056199821587867974,0.9330954504906334,0.9545049063336307,0.9,0.9
combined_margin,validation,64,0.03302353620529175,0.033033277839422226,0.03308311104774475,0.08227371424436569,0.05709188058972359,0.026761819803746655,0.9571810883140054,0.9732381801962533,0.95,0.95
combined_margin,validation,128,0.033075593411922455,0.03301786631345749,0.03303728997707367,0.08260684460401535,0.049955397844314575,0.029438001784121322,0.9589652096342551,0.9705619982158786,0.95,0.95
combined_margin,validation,256,0.03276565670967102,0.03285422548651695,0.032770685851573944,0.08163220435380936,0.049955397844314575,0.026761819803746655,0.9580731489741302,0.9687778768956289,0.95,0.95
combined_margin,validation,512,0.03330879658460617,0.03339157626032829,0.033472154289484024,0.08311229199171066,0.0642283707857132,0.021409455842997322,0.9562890276538805,0.967885816235504,0.95,0.95
combined_margin,validation,1024,4.718567288364284e-05,4.6535395085811615e-05,4.6524601202690974e-05,0.0001103626491385512,0.0,0.0,1.0,1.0,1.0,1.0
combined_margin,final,0,0.898293673992157,0.898409903049469,0.8981584310531616,2.246122360229492,14.478723526000977,2.551418439716312,0.8927304964539007,0.10726950354609929,0.0,0.0
combined_margin,final,1,0.6893229484558105,0.6523770689964294,0.6636318564414978,1.6200765371322632,1.5265957117080688,0.5567375886524822,0.2650709219858156,0.48847517730496454,0.0,0.0
combined_margin,final,2,0.549591064453125,0.5371934771537781,0.5407881736755371,1.3125181198120117,0.9131205677986145,0.4769503546099291,0.39095744680851063,0.6019503546099291,0.0,0.0
combined_margin,final,4,0.3806048333644867,0.3697430193424225,0.37424278259277344,0.899559736251831,0.457446813583374,0.2721631205673759,0.5833333333333334,0.7039007092198581,0.05,0.05
combined_margin,final,8,0.2259974628686905,0.2247614562511444,0.2250482589006424,0.5537740588188171,0.26595744490623474,0.13120567375886524,0.7650709219858156,0.824468085106383,0.55,0.55
combined_margin,final,16,0.11823073774576187,0.1179562583565712,0.11822395771741867,0.2956448495388031,0.20390070974826813,0.10106382978723404,0.8652482269503546,0.898936170212766,0.8,0.8
combined_margin,final,32,0.031567204743623734,0.031388331204652786,0.03139641508460045,0.07863409072160721,0.04432624205946922,0.022163120567375887,0.9618794326241135,0.9698581560283688,0.95,0.95
combined_margin,final,64,0.02051965333521366,0.020608145743608475,0.020502803847193718,0.05035011097788811,0.005319148767739534,0.005319148936170213,0.9698581560283688,0.9716312056737588,0.95,0.95
combined_margin,final,128,2.0315859728725627e-05,2.0196142941131257e-05,2.0066756405867636e-05,4.752419044962153e-05,0.0,0.0,1.0,1.0,1.0,1.0
combined_margin,final,256,2.267669333377853e-05,2.269354445161298e-05,2.2626310965279117e-05,5.3195966756902635e-05,0.0,0.0,1.0,1.0,1.0,1.0
combined_margin,final,512,2.386580490565393e-05,2.383697938057594e-05,2.3735716240480542e-05,5.606671402347274e-05,0.0,0.0,1.0,1.0,1.0,1.0
combined_margin,final,1024,3.029280196642503e-05,3.0126706406008452e-05,3.0075681934249587e-05,7.107810961315408e-05,0.0,0.0,1.0,1.0,1.0,1.0
