model,snapshot,target,probe_type,selected_alpha,validation_score,final_score,final_secondary_score,label_shuffle_mean,label_shuffle_max,random_subspace_rank,random_subspace_mean,random_subspace_max
stable_plain,16,expected_row_conflicts,numeric,1.0,0.9443345270280651,0.8594315700618568,0.6857170003750184,-0.0899897078099592,0.13502615836328902,1,0.052798018327106316,0.3479560817565003
stable_plain,16,expected_column_conflicts,numeric,1.0,0.9437180012407125,0.8630674458774752,0.6904802710019977,-0.1696599580779064,-0.08000602834991422,1,0.03424428773695791,0.3246341069812336
stable_plain,16,expected_box_conflicts,numeric,1.0,0.9465739390597477,0.8614242567809025,0.6875139125382501,-0.16537488421771174,-0.027447738135471633,1,0.06035643017902277,0.4050495987796314
stable_plain,16,expected_unique_conflicts,numeric,1.0,0.9405589556232735,0.8595353212148584,0.6742070442558322,-0.14800714974356843,-0.02803886936709632,1,0.09008498731314232,0.5177877326317832
stable_plain,16,hard_row_conflicts,numeric,100.0,0.3089023706834304,0.16840589656189708,-0.19579381755522762,-0.012437530013729284,0.03818632924790821,1,0.01283719005442751,0.04598675236273542
stable_plain,16,hard_column_conflicts,numeric,100.0,0.27634234292906934,0.09837232280977826,-0.25864967938040184,-0.017217612419894883,0.047226589717696554,1,0.02537078981462893,0.11377487453990687
stable_plain,16,hard_box_conflicts,numeric,100.0,0.382409698790214,0.2189844462861016,-0.14669782317243896,-0.022252004437798713,0.027396382855863433,1,0.047381079062131376,0.10437195319893788
stable_plain,16,hard_unique_conflicts,numeric,100.0,0.4587794262385254,0.2677278806358412,0.08140021354466898,-0.03741836218576996,0.057493937682243645,1,0.032331527467458814,0.19827753119332203
stable_plain,16,row_candidate_count,numeric,100.0,0.5078672125695707,0.26860920330492144,0.1365232527224164,-0.013815813156486008,0.08811834904381266,1,0.05674513732017724,0.14792249002123026
stable_plain,16,column_candidate_count,numeric,1.0,0.4781481040240292,0.2446719378671247,0.14094340211176204,-0.10557373740173748,0.06263569105587607,1,0.06304195093775482,0.1683194561869965
stable_plain,16,box_candidate_count,numeric,100.0,0.5423999782148119,0.36010803020170856,0.20354086532195437,-0.030741372064383217,0.04323484806776068,1,0.04698521241690663,0.16362169503795443
stable_plain,16,joint_candidate_count,numeric,100.0,0.23355392704625777,0.16405742330799256,-0.10459699220495589,-0.015406255981438473,0.016249187923269237,1,0.02272999973448054,0.08061809193948
stable_plain,16,static_joint_candidate_count,numeric,1.0,0.3913930769496421,0.4372451842352034,0.23355909000384767,-0.15788320874117534,-0.057261740510576864,1,-0.003297614702725646,-0.001164871465872519
stable_plain,16,hard_row_conflicts,categorical,1.0,0.4815089342188488,0.4773986857797629,0.9086879432624113,0.3331735378715245,0.3333333333333333,1,0.3333333333333333,0.3333333333333333
stable_plain,16,hard_column_conflicts,categorical,1.0,0.7570923656927427,0.4668226742441776,0.9069148936170213,0.33331351094196005,0.3333333333333333,1,0.3333333333333333,0.3333333333333333
stable_plain,16,hard_box_conflicts,categorical,1.0,0.6995538019027951,0.6520106589147288,0.9078014184397163,0.4998788759689923,0.5,2,0.5,0.5
stable_plain,16,hard_unique_conflicts,categorical,0.01,0.3764695449478058,0.2943777349271363,0.8430851063829787,0.19984927559711166,0.20186539529716718,4,0.2,0.2
stable_plain,16,row_candidate_count,categorical,100.0,0.468218825506881,0.6016110188772059,0.8368794326241135,0.3333333333333333,0.3333333333333333,3,0.3384892818346056,0.41582850935368926
stable_plain,16,column_candidate_count,categorical,100.0,0.6466338259441707,0.4531893004115226,0.8209219858156028,0.25,0.25,2,0.25,0.25
stable_plain,16,box_candidate_count,categorical,100.0,0.48225782726274935,0.6018994981259133,0.8315602836879432,0.3333333333333333,0.3333333333333333,3,0.3333333333333333,0.3333333333333333
stable_plain,16,joint_candidate_count,categorical,1.0,0.37331281719036824,0.44890326682499015,0.8723404255319149,0.3332094482986455,0.3333333333333333,2,0.3333333333333333,0.3333333333333333
stable_plain,16,static_joint_candidate_count,categorical,1.0,0.2390124480098262,0.21873846453661588,0.4237588652482269,0.14518477558341025,0.16366729067907418,6,0.1450717444114791,0.15008340641334503
stable_plain,16,target_candidate_legal,categorical,100.0,0.9776119402985075,0.9305120167189133,0.8820921985815603,0.5,0.5,1,0.5,0.5
stable_plain,128,expected_row_conflicts,numeric,0.01,,,,,,1,,
stable_plain,128,expected_column_conflicts,numeric,0.01,,,,,,1,,
stable_plain,128,expected_box_conflicts,numeric,0.01,,,,,,1,,
stable_plain,128,expected_unique_conflicts,numeric,0.01,,,,,,1,,
stable_plain,128,hard_row_conflicts,numeric,0.01,,,,,,1,,
stable_plain,128,hard_column_conflicts,numeric,0.01,,,,,,1,,
stable_plain,128,hard_box_conflicts,numeric,0.01,,,,,,1,,
stable_plain,128,hard_unique_conflicts,numeric,0.01,,,,,,1,,
stable_plain,128,row_candidate_count,numeric,0.01,,,,,,1,,
stable_plain,128,column_candidate_count,numeric,0.01,,,,,,1,,
stable_plain,128,box_candidate_count,numeric,0.01,,,,,,1,,
stable_plain,128,joint_candidate_count,numeric,0.01,,,,,,1,,
stable_plain,128,static_joint_candidate_count,numeric,10000.0,-0.005852759753143033,-0.0019149428116191913,0.0018222733059968244,-0.0069596062379983226,-0.002642494964464337,1,-0.004150836177610112,-0.0034321780479196207
stable_plain,128,hard_row_conflicts,categorical,0.01,1.0,1.0,1.0,1.0,1.0,1,1.0,1.0
stable_plain,128,hard_column_conflicts,categorical,0.01,1.0,1.0,1.0,1.0,1.0,1,1.0,1.0
stable_plain,128,hard_box_conflicts,categorical,0.01,1.0,1.0,1.0,1.0,1.0,1,1.0,1.0
stable_plain,128,hard_unique_conflicts,categorical,0.01,1.0,1.0,1.0,1.0,1.0,1,1.0,1.0
stable_plain,128,row_candidate_count,categorical,0.01,1.0,1.0,1.0,1.0,1.0,1,1.0,1.0
stable_plain,128,column_candidate_count,categorical,0.01,1.0,1.0,1.0,1.0,1.0,1,1.0,1.0
stable_plain,128,box_candidate_count,categorical,0.01,1.0,1.0,1.0,1.0,1.0,1,1.0,1.0
stable_plain,128,joint_candidate_count,categorical,0.01,1.0,1.0,1.0,1.0,1.0,1,1.0,1.0
stable_plain,128,static_joint_candidate_count,categorical,0.01,0.14485965194383588,0.13991956158712987,0.3067375886524823,0.1426198807807194,0.15575697236726943,6,0.1430341644854663,0.15043394406943106
stable_plain,128,target_candidate_legal,categorical,0.01,1.0,1.0,1.0,1.0,1.0,1,1.0,1.0
stable_plain,1024,expected_row_conflicts,numeric,0.01,,,,,,1,,
stable_plain,1024,expected_column_conflicts,numeric,0.01,,,,,,1,,
stable_plain,1024,expected_box_conflicts,numeric,0.01,,,,,,1,,
stable_plain,1024,expected_unique_conflicts,numeric,0.01,,,,,,1,,
stable_plain,1024,hard_row_conflicts,numeric,0.01,,,,,,1,,
stable_plain,1024,hard_column_conflicts,numeric,0.01,,,,,,1,,
stable_plain,1024,hard_box_conflicts,numeric,0.01,,,,,,1,,
stable_plain,1024,hard_unique_conflicts,numeric,0.01,,,,,,1,,
stable_plain,1024,row_candidate_count,numeric,0.01,,,,,,1,,
stable_plain,1024,column_candidate_count,numeric,0.01,,,,,,1,,
stable_plain,1024,box_candidate_count,numeric,0.01,,,,,,1,,
stable_plain,1024,joint_candidate_count,numeric,0.01,,,,,,1,,
stable_plain,1024,static_joint_candidate_count,numeric,10000.0,-0.006169347942610814,-0.002085670102360604,0.0013224057022147573,-0.005339692433245974,-0.000739209228788118,1,-0.004398274715405354,-0.0033994706801507846
stable_plain,1024,hard_row_conflicts,categorical,0.01,1.0,1.0,1.0,1.0,1.0,1,1.0,1.0
stable_plain,1024,hard_column_conflicts,categorical,0.01,1.0,1.0,1.0,1.0,1.0,1,1.0,1.0
stable_plain,1024,hard_box_conflicts,categorical,0.01,1.0,1.0,1.0,1.0,1.0,1,1.0,1.0
stable_plain,1024,hard_unique_conflicts,categorical,0.01,1.0,1.0,1.0,1.0,1.0,1,1.0,1.0
stable_plain,1024,row_candidate_count,categorical,0.01,1.0,1.0,1.0,1.0,1.0,1,1.0,1.0
stable_plain,1024,column_candidate_count,categorical,0.01,1.0,1.0,1.0,1.0,1.0,1,1.0,1.0
stable_plain,1024,box_candidate_count,categorical,0.01,1.0,1.0,1.0,1.0,1.0,1,1.0,1.0
stable_plain,1024,joint_candidate_count,categorical,0.01,1.0,1.0,1.0,1.0,1.0,1,1.0,1.0
stable_plain,1024,static_joint_candidate_count,categorical,0.01,0.14583441318337245,0.14216629314660692,0.3067375886524823,0.14533709932316669,0.15904651024744165,6,0.1420136287221806,0.14675850668136106
stable_plain,1024,target_candidate_legal,categorical,0.01,1.0,1.0,1.0,1.0,1.0,1,1.0,1.0
collapsed_plain,16,expected_row_conflicts,numeric,0.01,0.42143913140848377,0.9417187311570243,0.785696927928477,-0.1776757245606077,-0.028801996532683338,1,-0.03561139132762612,0.024881241429889456
collapsed_plain,16,expected_column_conflicts,numeric,0.01,0.41841536837600146,0.9445728053492992,0.7907744883175809,-0.13706264136006296,0.055351868842053786,1,-0.048853004272819855,0.008392415026547972
collapsed_plain,16,expected_box_conflicts,numeric,0.01,0.43529329078601864,0.9426614218050045,0.7908320023812048,-0.1573607280622859,-0.011600073710451131,1,-0.0362716935630321,0.03418895355251872
collapsed_plain,16,expected_unique_conflicts,numeric,0.01,0.42537807808601247,0.9347752932184326,0.7758304206868322,-0.1463757688214441,-0.025890964379271075,1,-0.04371784203087692,0.0587709842601265
collapsed_plain,16,hard_row_conflicts,numeric,10000.0,-0.0030898037405260315,0.19241267812753904,0.04172600310640273,-0.028139852815941564,0.005073397624859921,1,-0.01307662527769015,0.08243915376872013
collapsed_plain,16,hard_column_conflicts,numeric,100.0,0.07357952705424609,0.27585850333554873,0.057285740866493295,-0.03753871649957537,0.007165913034497873,1,-0.012805641270249711,0.0803849068874729
collapsed_plain,16,hard_box_conflicts,numeric,10000.0,-0.012443416322384548,0.23340631971141168,0.08012153816946055,-0.03995185156319095,-0.00046182671043704104,1,-0.01703621451435422,0.037229386802779874
collapsed_plain,16,hard_unique_conflicts,numeric,1.0,0.13817866750961239,0.4579220147579697,0.2922807930005352,-0.11326890089545996,0.05163388540744018,1,-0.026546776376367973,0.07421791843482861
collapsed_plain,16,row_candidate_count,numeric,100.0,-0.019550359556252506,0.4715017952009114,0.37243117078547705,-0.05265148339812941,0.019323486772199527,1,-0.037179961683861826,-0.013651447310890186
collapsed_plain,16,column_candidate_count,numeric,1.0,0.31493130126674573,0.435384955830428,0.29567781217323763,-0.11182440825486945,-0.00588092778759175,1,-0.015850924114329208,0.13348637871037217
collapsed_plain,16,box_candidate_count,numeric,1.0,0.35726803646086747,0.538769915184689,0.39672382523389915,-0.1012153247061375,0.052343440958986576,1,-0.0478311766801844,-0.020902472927109228
collapsed_plain,16,joint_candidate_count,numeric,10000.0,-0.002440515185534675,0.13111317941009504,0.04546051791952388,-0.01767067925158887,0.012628151460612025,1,-0.006629985364426015,0.018505109502067074
collapsed_plain,16,static_joint_candidate_count,numeric,100.0,0.2659127752826975,0.31542171460789326,0.15712528808807602,-0.03421804513361947,0.004623300967117827,1,-0.00415452281452975,0.0079740120689209
collapsed_plain,16,hard_row_conflicts,categorical,0.01,0.6005203585536311,0.4003013115916341,0.8838652482269503,0.33366935483870963,0.33602150537634407,1,0.3333333333333333,0.3333333333333333
collapsed_plain,16,hard_column_conflicts,categorical,0.01,0.5315971768396288,0.3962686567164179,0.8891843971631206,0.3332089552238806,0.3333333333333333,1,0.3333333333333333,0.3333333333333333
collapsed_plain,16,hard_box_conflicts,categorical,1.0,0.7742778721735721,0.4668340295259435,0.8803191489361702,0.3332053906516547,0.3333333333333333,1,0.3333333333333333,0.3333333333333333
collapsed_plain,16,hard_unique_conflicts,categorical,0.01,0.4186079965583071,0.2995701280194091,0.8280141843971631,0.19991785323110625,0.2,3,0.2,0.2
collapsed_plain,16,row_candidate_count,categorical,0.01,0.5511146286769556,0.35950671012727753,0.8342198581560284,0.2507381177316904,0.2553191489361702,3,0.2503934513575471,0.2549654344867111
collapsed_plain,16,column_candidate_count,categorical,0.01,0.537002487562189,0.3775086272302308,0.8324468085106383,0.25085392753126606,0.25796336180523266,2,0.2500684518710688,0.25109522993710076
collapsed_plain,16,box_candidate_count,categorical,100.0,0.6513781664427288,0.4604285714285714,0.8466312056737588,0.25,0.25,2,0.25,0.25
collapsed_plain,16,joint_candidate_count,categorical,0.01,0.47255022550225506,0.4669184117175878,0.8599290780141844,0.33320873224752384,0.3344293143125961,2,0.3333333333333333,0.3333333333333333
collapsed_plain,16,static_joint_candidate_count,categorical,0.01,0.20946663553059033,0.21949338945740385,0.42819148936170215,0.14488117072714118,0.15956101937591693,6,0.14546953067512491,0.15924404467904715
collapsed_plain,16,target_candidate_legal,categorical,0.01,0.9360566228513649,0.8768197088465846,0.9042553191489362,0.5011548152295633,0.5052631578947369,1,0.5,0.5
collapsed_plain,128,expected_row_conflicts,numeric,0.01,-0.04930522201552501,-0.10270057431687363,-9.352518759442319e-13,-0.10270057432388491,-0.10270057431861979,1,-0.10270057432348419,-0.102700574323068
collapsed_plain,128,expected_column_conflicts,numeric,0.01,-0.049958680011708,-0.10117300535064211,-1.6211476605576536e-12,-0.10117300536035762,-0.1011730053578479,1,-0.10117300535952545,-0.10117300535859419
collapsed_plain,128,expected_box_conflicts,numeric,0.01,-0.0495020606947445,-0.10077576868110127,-7.975842208907125e-13,-0.10077576868765832,-0.10077576868533078,1,-0.10077576868772696,-0.100775768687283
collapsed_plain,128,expected_unique_conflicts,numeric,0.01,-0.050206026810396986,-0.10324746793038808,-6.892264536872972e-13,-0.1032474679385734,-0.10324746793538164,1,-0.10324746793735953,-0.10324746793703121
collapsed_plain,128,hard_row_conflicts,numeric,0.01,-0.028222676920905743,-0.04536315657200318,0.0,-0.04536315657200318,-0.04536315657200318,1,-0.04536315657200318,-0.04536315657200318
collapsed_plain,128,hard_column_conflicts,numeric,0.01,-0.02468007312614251,-0.04771573604060908,0.0,-0.04771573604060908,-0.04771573604060908,1,-0.04771573604060908,-0.04771573604060908
collapsed_plain,128,hard_box_conflicts,numeric,0.01,-0.022931957944852366,-0.04465171661043876,0.0,-0.04465171661043876,-0.04465171661043876,1,-0.04465171661043876,-0.04465171661043876
collapsed_plain,128,hard_unique_conflicts,numeric,0.01,-0.03110506542298208,-0.0561847699124669,0.0,-0.0561847699124669,-0.0561847699124669,1,-0.0561847699124669,-0.0561847699124669
collapsed_plain,128,row_candidate_count,numeric,0.01,-0.04221189204190656,-0.08220742150332994,0.0,-0.08220742150332994,-0.08220742150332994,1,-0.08220742150332994,-0.08220742150332994
collapsed_plain,128,column_candidate_count,numeric,0.01,-0.037947335932912774,-0.08761140355449015,0.0,-0.08761140355449015,-0.08761140355449015,1,-0.08761140355449015,-0.08761140355449015
collapsed_plain,128,box_candidate_count,numeric,0.01,-0.038053638507905996,-0.08105892564374595,0.0,-0.08105892564374595,-0.08105892564374595,1,-0.08105892564374595,-0.08105892564374595
collapsed_plain,128,joint_candidate_count,numeric,0.01,-0.005873235989884762,-0.010708147887013686,0.0,-0.010708147887013686,-0.010708147887013686,1,-0.010708147887013686,-0.010708147887013686
collapsed_plain,128,static_joint_candidate_count,numeric,10000.0,-0.0003552071325860773,-0.0024336461737011206,0.001275359224110817,-0.008689062351117022,-0.0038278510326859028,1,-0.004490951343590982,-0.00406858756748707
collapsed_plain,128,hard_row_conflicts,categorical,0.01,0.3333333333333333,0.3333333333333333,0.9512411347517731,0.3333333333333333,0.3333333333333333,1,0.3333333333333333,0.3333333333333333
collapsed_plain,128,hard_column_conflicts,categorical,0.01,0.3333333333333333,0.25,0.9441489361702128,0.25,0.25,1,0.25,0.25
collapsed_plain,128,hard_box_conflicts,categorical,0.01,0.3333333333333333,0.25,0.9476950354609929,0.25,0.25,1,0.25,0.25
collapsed_plain,128,hard_unique_conflicts,categorical,0.01,0.16666666666666666,0.14285714285714285,0.9264184397163121,0.14285714285714285,0.14285714285714285,1,0.14285714285714285,0.14285714285714285
collapsed_plain,128,row_candidate_count,categorical,0.01,0.25,0.25,0.9131205673758865,0.25,0.25,1,0.25,0.25
collapsed_plain,128,column_candidate_count,categorical,0.01,0.25,0.25,0.9069148936170213,0.25,0.25,1,0.25,0.25
collapsed_plain,128,box_candidate_count,categorical,0.01,0.25,0.25,0.9131205673758865,0.25,0.25,1,0.25,0.25
collapsed_plain,128,joint_candidate_count,categorical,0.01,0.3333333333333333,0.25,0.9539007092198581,0.25,0.25,1,0.25,0.25
collapsed_plain,128,static_joint_candidate_count,categorical,1.0,0.15419873401152004,0.16104840976774557,0.3404255319148936,0.14451691328424457,0.15613138498102158,6,0.1428739400598304,0.1510125361620058
collapsed_plain,128,target_candidate_legal,categorical,0.01,0.5,0.5,0.9210992907801419,0.5,0.5,1,0.5,0.5
collapsed_plain,1024,expected_row_conflicts,numeric,100.0,0.3405940689749922,0.326955297521886,0.22718690005265185,-0.09663170904890074,-0.034852484806672246,1,-0.028611971313375645,0.04026931223769681
collapsed_plain,1024,expected_column_conflicts,numeric,1.0,0.38333319226803886,0.3470900552627497,0.23086818848784385,-0.1610128300108178,-0.03584664398747739,1,-0.033273957686023724,0.05596804141406575
collapsed_plain,1024,expected_box_conflicts,numeric,1.0,0.3197330220070105,0.3362796749933077,0.2101814360236811,-0.1838420547470797,-0.08696537441175156,1,-0.03451367797838966,0.06466066800759063
collapsed_plain,1024,expected_unique_conflicts,numeric,1.0,0.42370553433890534,0.416240897976102,0.2816630560013976,-0.17974593118347923,-0.10128196100924858,1,-0.03255644433455173,0.06338798215664487
collapsed_plain,1024,hard_row_conflicts,numeric,100.0,0.19491035171587656,0.21059138260835686,0.12367396152735055,-0.07797151867245705,-0.03924195660705365,1,-0.040244991064532644,0.05940807027987527
collapsed_plain,1024,hard_column_conflicts,numeric,1.0,0.21202830547843798,0.2206941699729673,0.11724267550601353,-0.12808615172278945,-0.03227519298312109,1,-0.036462538619745535,6.156186203631897e-05
collapsed_plain,1024,hard_box_conflicts,numeric,1.0,0.19498135039486886,0.2261456817158809,0.11274039972935068,-0.15907807693999845,-0.0962485511767035,1,-0.015553648620934564,0.02585388014869272
collapsed_plain,1024,hard_unique_conflicts,numeric,1.0,0.28017838972274833,0.3122634222371202,0.2050879416012128,-0.14351789749228164,-0.0603250171655525,1,-0.02811999191797552,0.05358246962501623
collapsed_plain,1024,row_candidate_count,numeric,100.0,0.21494704955007904,0.23450112807585766,0.22387832505141014,-0.13683753687384742,-0.06955783196537424,1,-0.09836069201990166,-0.022822296684455345
collapsed_plain,1024,column_candidate_count,numeric,1.0,0.2359465325154847,0.2233445509994768,0.2179282347706214,-0.2338067150780976,-0.1274205133713453,1,-0.08882398720760348,0.06051796750775762
collapsed_plain,1024,box_candidate_count,numeric,100.0,0.23594688735323233,0.18693081598924643,0.18605527524455312,-0.13417066137757383,-0.08116067281362294,1,-0.09915833499358265,-0.042513994145056966
collapsed_plain,1024,joint_candidate_count,numeric,100.0,0.12222866730859461,0.1511612457431638,0.009590177750432805,-0.027015169735437217,0.018490849240391904,1,0.007983645007291373,0.07554869423715904
collapsed_plain,1024,static_joint_candidate_count,numeric,10000.0,-0.0011838751557733396,-0.004732796392334926,1.267045248898313e-05,-0.007521656949378536,-0.0017614456078371976,1,-0.00418832116046311,-0.003200752054254963
collapsed_plain,1024,hard_row_conflicts,categorical,0.01,0.268615558582406,0.37159984484643327,0.7393617021276596,0.3294853485665926,0.3375683204626397,2,0.3333333333333333,0.3333333333333333
collapsed_plain,1024,hard_column_conflicts,categorical,0.01,0.21615565144976906,0.28891749300788205,0.7526595744680851,0.24754084032545132,0.25659483854563947,2,0.2502482996440376,0.2532894736842105
collapsed_plain,1024,hard_box_conflicts,categorical,0.01,0.36965670955521257,0.28423972820374943,0.7358156028368794,0.24812086011781095,0.2537494194999145,3,0.251115323980153,0.2578129200987461
collapsed_plain,1024,hard_unique_conflicts,categorical,100.0,0.15027002958933536,0.16008381242545472,0.6418439716312057,0.14284560777219474,0.14346403381297118,5,0.1464588612384698,0.1526721491920868
collapsed_plain,1024,row_candidate_count,categorical,1.0,0.29273527774383207,0.28712712760639264,0.5425531914893617,0.19221763191214958,0.211927752362096,3,0.21306673681824007,0.2302552071525033
collapsed_plain,1024,column_candidate_count,categorical,1.0,0.27399837725924686,0.2657378128145621,0.5062056737588653,0.1991297852790275,0.21557291255845548,4,0.21256268662634714,0.22500119171523844
collapsed_plain,1024,box_candidate_count,categorical,0.01,0.3476717581400463,0.3306952249228181,0.49556737588652483,0.23869402666076972,0.25692673088373613,3,0.2616362244761241,0.2890481805027065
collapsed_plain,1024,joint_candidate_count,categorical,1.0,0.3661373494706828,0.32863337606330784,0.7101063829787234,0.24957966952758578,0.2547526710011026,3,0.2653295026805065,0.3099730048287137
collapsed_plain,1024,static_joint_candidate_count,categorical,10000.0,0.142682077705055,0.13864719658355146,0.35904255319148937,0.14176003128160503,0.14845571015291362,6,0.14089727834356452,0.14285714285714285
collapsed_plain,1024,target_candidate_legal,categorical,100.0,0.6619673009916913,0.6340830706707336,0.7987588652482269,0.5001601428771418,0.5012599320400294,1,0.5172771362635591,0.625015377958401
late_state_ce,16,expected_row_conflicts,numeric,1.0,0.8618498045464856,0.8591403792055492,0.6447494828321646,-0.1421277939841843,0.08511272687714122,1,0.0827176993025139,0.42019926951215736
late_state_ce,16,expected_column_conflicts,numeric,0.01,0.8717318607754461,0.8709603785116042,0.6576840875563551,-0.18071166757880464,-0.06659491403166617,1,0.06504892237116428,0.3449883354853853
late_state_ce,16,expected_box_conflicts,numeric,0.01,0.8655349422301126,0.8636868187181136,0.6459641742881708,-0.15204581312847176,0.007271673814206681,1,0.08552874643664148,0.281557605455113
late_state_ce,16,expected_unique_conflicts,numeric,1.0,0.8645506913932491,0.8652363350735328,0.6419262375318835,-0.16419890113724167,-0.008124231704495388,1,0.05879688020868714,0.3088124914534299
late_state_ce,16,hard_row_conflicts,numeric,100.0,0.3267514188600833,0.30093516608266746,0.08080934196569745,-0.012349436187497363,0.04453619149547783,1,0.013155139960671164,0.07807428302796893
late_state_ce,16,hard_column_conflicts,numeric,100.0,0.26592156488743146,0.3195058575561366,0.12000586748561515,-0.033200443980156015,0.00488215867716546,1,0.011927843076379112,0.0682179237392685
late_state_ce,16,hard_box_conflicts,numeric,100.0,0.3564661644630833,0.3165554289801934,0.14003586537382606,-0.04217211590746982,0.011816645665000847,1,0.007449467838595625,0.1247583407139864
late_state_ce,16,hard_unique_conflicts,numeric,100.0,0.45370246159647865,0.4028690968022953,0.2848500267750309,-0.03306468837489998,0.018752383600533773,1,0.00618548703100729,0.19499005278941228
late_state_ce,16,row_candidate_count,numeric,100.0,0.4633356109616362,0.423927531891762,0.3199030197217214,-0.029649952592201732,0.03318418958551239,1,0.026327529722445862,0.10928319758554372
late_state_ce,16,column_candidate_count,numeric,100.0,0.41721814099225185,0.5078550017179284,0.39763653153566325,-0.045923056195770334,0.03347662389782313,1,0.025276797415488092,0.12336798491311496
late_state_ce,16,box_candidate_count,numeric,100.0,0.45597371334458414,0.42468063884039864,0.3256401443501784,-0.05432145555759515,0.012072348780253317,1,0.0157885111543764,0.10951942946856918
late_state_ce,16,joint_candidate_count,numeric,100.0,0.2662088752170425,0.25350207019299054,0.126403126458145,-0.021955437210336756,0.027521830497219346,1,0.015549908321309508,0.08701977769885283
late_state_ce,16,static_joint_candidate_count,numeric,1.0,0.4385117398887647,0.4818614184602057,0.2642475079404586,-0.14939435965245346,-0.03155367474375459,1,-0.0037096301563857292,0.00024052957563380772
late_state_ce,16,hard_row_conflicts,categorical,0.01,0.5502194004349177,0.5397727272727273,0.9379432624113475,0.4998816287878788,0.5,1,0.5,0.5
late_state_ce,16,hard_column_conflicts,categorical,1.0,0.548938134810711,0.3577425451139766,0.9299645390070922,0.33325389259612326,0.3333333333333333,1,0.3333333333333333,0.3333333333333333
late_state_ce,16,hard_box_conflicts,categorical,0.01,0.5569195727301288,0.34460793418219593,0.9095744680851063,0.3333131264144843,0.3333333333333333,1,0.3333333333333333,0.3333333333333333
late_state_ce,16,hard_unique_conflicts,categorical,0.01,0.3202323991797676,0.27466335931963143,0.8980496453900709,0.1999874497991968,0.2,3,0.2,0.2
late_state_ce,16,row_candidate_count,categorical,1.0,0.4926987280987716,0.3499590691147234,0.9122340425531915,0.24976702286282304,0.25,2,0.25,0.25
late_state_ce,16,column_candidate_count,categorical,0.01,0.5091265920070268,0.39568260575063563,0.9148936170212766,0.2497725281494498,0.2524271844660194,2,0.25,0.25
late_state_ce,16,box_candidate_count,categorical,0.01,0.33379299562226394,0.3660267259008533,0.8971631205673759,0.2498121386009449,0.2526179394965094,2,0.25,0.25
late_state_ce,16,joint_candidate_count,categorical,1.0,0.4506330763126414,0.43054376389731147,0.9148936170212766,0.33321078431372547,0.3333333333333333,2,0.3333333333333333,0.3333333333333333
late_state_ce,16,static_joint_candidate_count,categorical,0.01,0.27019959514759134,0.2162801502971317,0.41312056737588654,0.13792618397588174,0.15419155156295594,6,0.14434453529512564,0.1535558325689332
late_state_ce,16,target_candidate_legal,categorical,0.01,0.7756568144499179,0.8192461846770465,0.9406028368794326,0.499311122244489,0.5,1,0.5,0.5
late_state_ce,128,expected_row_conflicts,numeric,0.01,-0.051745080524032705,0.2713538118456804,0.0376021287241477,-0.13403870314010635,-0.0905064153715085,1,0.01657317334487294,0.06165335147829143
late_state_ce,128,expected_column_conflicts,numeric,0.01,-0.051525294226205,0.2606878760521203,0.0361881621978013,-0.14668734754237972,-0.045557877426686266,1,0.008424998245572829,0.06292610545973298
late_state_ce,128,expected_box_conflicts,numeric,0.01,-0.051585350655381834,0.2487097136743116,0.015698888784353104,-0.16717911763208423,0.010110619686968247,1,0.009010027120279984,0.0338323858401377
late_state_ce,128,expected_unique_conflicts,numeric,0.01,-0.05138384297634446,0.28987703515006413,0.05864965168979386,-0.15297487356582262,-0.05737452538311216,1,0.006198624553110169,0.03938717134438341
late_state_ce,128,hard_row_conflicts,numeric,0.01,-0.025617566331198383,,,,,1,,
late_state_ce,128,hard_column_conflicts,numeric,0.01,-0.02100187516742591,,,,,1,,
late_state_ce,128,hard_box_conflicts,numeric,0.01,-0.025617566331198383,,,,,1,,
late_state_ce,128,hard_unique_conflicts,numeric,0.01,-0.02991757139714535,,,,,1,,
late_state_ce,128,row_candidate_count,numeric,0.01,-0.034543325526931845,,,,,1,,
late_state_ce,128,column_candidate_count,numeric,0.01,-0.035366053265368125,,,,,1,,
late_state_ce,128,box_candidate_count,numeric,0.01,-0.03986486486486496,,,,,1,,
late_state_ce,128,joint_candidate_count,numeric,0.01,-0.00373595158700768,,,,,1,,
late_state_ce,128,static_joint_candidate_count,numeric,100.0,0.027886670832644733,0.04381639898939571,-0.001761073351736142,-0.03659579166595786,-0.0030329131538950893,1,-0.004618395270310868,-0.0036603871222105067
late_state_ce,128,hard_row_conflicts,categorical,0.01,0.5,1.0,1.0,1.0,1.0,1,1.0,1.0
late_state_ce,128,hard_column_conflicts,categorical,0.01,0.3333333333333333,1.0,1.0,1.0,1.0,1,1.0,1.0
late_state_ce,128,hard_box_conflicts,categorical,0.01,0.5,1.0,1.0,1.0,1.0,1,1.0,1.0
late_state_ce,128,hard_unique_conflicts,categorical,0.01,0.25,1.0,1.0,1.0,1.0,1,1.0,1.0
late_state_ce,128,row_candidate_count,categorical,0.01,0.25,1.0,1.0,1.0,1.0,1,1.0,1.0
late_state_ce,128,column_candidate_count,categorical,0.01,0.25,1.0,1.0,1.0,1.0,1,1.0,1.0
late_state_ce,128,box_candidate_count,categorical,0.01,0.3333333333333333,1.0,1.0,1.0,1.0,1,1.0,1.0
late_state_ce,128,joint_candidate_count,categorical,0.01,0.25,1.0,1.0,1.0,1.0,1,1.0,1.0
late_state_ce,128,static_joint_candidate_count,categorical,1.0,0.16316465507977357,0.16269681827764476,0.3475177304964539,0.14118745687460849,0.14944790969628094,6,0.1416933744709399,0.14957093913135025
late_state_ce,128,target_candidate_legal,categorical,0.01,0.5,1.0,1.0,1.0,1.0,1,1.0,1.0
late_state_ce,1024,expected_row_conflicts,numeric,10000.0,-0.26509573895796956,-3.113952131809758,-0.07942889498280992,-0.9731276910313316,-0.3923126802413097,1,-0.42605436537790276,-0.41262245664484376
late_state_ce,1024,expected_column_conflicts,numeric,10000.0,-0.45376057484006194,-3.086150016684063,-0.1907334744648892,-0.5525232823134795,-0.0587484477815301,1,-0.10162500627787854,-0.08619407504079746
late_state_ce,1024,expected_box_conflicts,numeric,10000.0,-0.23563120185900965,-3.176136990843773,-0.08178859256758608,-1.677308673839615,-0.4068214413884619,1,-0.4461963837894648,-0.42199751791161133
late_state_ce,1024,expected_unique_conflicts,numeric,10000.0,-0.1869903713278569,-2.6396229634148485,-0.12007589437310306,-0.5918040133484419,-0.13928148335182944,1,-0.20186137008583432,-0.18447518908808225
late_state_ce,1024,hard_row_conflicts,numeric,0.01,,,,,,1,,
late_state_ce,1024,hard_column_conflicts,numeric,0.01,,,,,,1,,
late_state_ce,1024,hard_box_conflicts,numeric,0.01,,,,,,1,,
late_state_ce,1024,hard_unique_conflicts,numeric,0.01,,,,,,1,,
late_state_ce,1024,row_candidate_count,numeric,0.01,,,,,,1,,
late_state_ce,1024,column_candidate_count,numeric,0.01,,,,,,1,,
late_state_ce,1024,box_candidate_count,numeric,0.01,,,,,,1,,
late_state_ce,1024,joint_candidate_count,numeric,0.01,,,,,,1,,
late_state_ce,1024,static_joint_candidate_count,numeric,10000.0,-0.007957808838550351,-0.010644163444355925,-0.0020800137470800006,-0.005663998664979214,-0.0021176686345669715,1,-0.005536401107847408,-0.004064046185841441
late_state_ce,1024,hard_row_conflicts,categorical,0.01,1.0,1.0,1.0,1.0,1.0,1,1.0,1.0
late_state_ce,1024,hard_column_conflicts,categorical,0.01,1.0,1.0,1.0,1.0,1.0,1,1.0,1.0
late_state_ce,1024,hard_box_conflicts,categorical,0.01,1.0,1.0,1.0,1.0,1.0,1,1.0,1.0
late_state_ce,1024,hard_unique_conflicts,categorical,0.01,1.0,1.0,1.0,1.0,1.0,1,1.0,1.0
late_state_ce,1024,row_candidate_count,categorical,0.01,1.0,1.0,1.0,1.0,1.0,1,1.0,1.0
late_state_ce,1024,column_candidate_count,categorical,0.01,1.0,1.0,1.0,1.0,1.0,1,1.0,1.0
late_state_ce,1024,box_candidate_count,categorical,0.01,1.0,1.0,1.0,1.0,1.0,1,1.0,1.0
late_state_ce,1024,joint_candidate_count,categorical,0.01,1.0,1.0,1.0,1.0,1.0,1,1.0,1.0
late_state_ce,1024,static_joint_candidate_count,categorical,1.0,0.1469663867095827,0.13963025347930208,0.32092198581560283,0.14344130549676273,0.15033159845305577,6,0.14288258856121416,0.1449147735863638
late_state_ce,1024,target_candidate_legal,categorical,0.01,1.0,1.0,1.0,1.0,1.0,1,1.0,1.0
combined_margin,16,expected_row_conflicts,numeric,1.0,0.8863731956422614,0.8715389895901544,0.6831026506622326,-0.13583777529916205,0.12922518627627821,1,0.052273281113455014,0.21861510236619264
combined_margin,16,expected_column_conflicts,numeric,1.0,0.8872779884862978,0.87988282278524,0.6927783424711316,-0.07692234021488653,0.05453033471564983,1,0.0649309968725002,0.1568884628591395
combined_margin,16,expected_box_conflicts,numeric,1.0,0.8859540075757694,0.872866379664219,0.6842608654114382,-0.06976090901919244,0.0422598667992089,1,0.0597204255394031,0.3104384815253586
combined_margin,16,expected_unique_conflicts,numeric,1.0,0.8790068602968352,0.8661379934939923,0.6655176766222185,-0.09002992874244606,0.06479124392975466,1,0.07059312575743089,0.36620151304909054
combined_margin,16,hard_row_conflicts,numeric,100.0,0.2834498754923124,0.29290937052222366,0.05811723386723544,-0.0410594163157749,0.018442209602914095,1,0.004799638654580482,0.06654043406312404
combined_margin,16,hard_column_conflicts,numeric,100.0,0.2608740095969523,0.3024946194670557,0.05407338028103448,-0.045841508211113255,-0.002515281677219372,1,0.01723059026459147,0.11660122630734415
combined_margin,16,hard_box_conflicts,numeric,100.0,0.2676642014950166,0.3651131651975369,0.11875012963543596,-0.028824420610610926,0.00614587556887114,1,0.0055895949891304406,0.04247652255134149
combined_margin,16,hard_unique_conflicts,numeric,100.0,0.41191259970193705,0.41776243601056773,0.2861054600510884,-0.03146045605640075,0.05572256845004908,1,0.001150005731033299,0.10018897001952498
combined_margin,16,row_candidate_count,numeric,100.0,0.4524142785080395,0.45933275565904663,0.3211632888073016,-0.051705008480440726,0.04180888918447456,1,0.016107017874051166,0.07587104171836812
combined_margin,16,column_candidate_count,numeric,100.0,0.43178675584392556,0.4650739007325174,0.3177224132521632,-0.03444123763057856,0.07853591541123006,1,0.04275093722455638,0.20980213478523235
combined_margin,16,box_candidate_count,numeric,100.0,0.4435820800835121,0.4562520607115136,0.33914681304055005,-0.06049706210034072,0.008454241208507907,1,0.010744178300798171,0.13760829874265001
combined_margin,16,joint_candidate_count,numeric,100.0,0.19882753082287707,0.22846775736432823,0.06540034258274796,-0.020449882673523892,0.03757383946609327,1,0.014962732532108766,0.06447767861899456
combined_margin,16,static_joint_candidate_count,numeric,1.0,0.37536061439366786,0.4443338071630296,0.2418693015883715,-0.16021716913548065,-0.07755606435844564,1,-0.0013593001859580692,0.018899706803053307
combined_margin,16,hard_row_conflicts,categorical,0.01,0.5768680130372537,0.3946485340868951,0.925531914893617,0.33378170678373786,0.34210526315789475,1,0.3333333333333333,0.3333333333333333
combined_margin,16,hard_column_conflicts,categorical,1.0,0.3519528779253637,0.5481858881686331,0.9228723404255319,0.49988049713193117,0.5,1,0.5,0.5
combined_margin,16,hard_box_conflicts,categorical,0.01,0.6508435282945086,0.6363375759660589,0.9166666666666666,0.4994212962962963,0.5,1,0.5,0.5
combined_margin,16,hard_unique_conflicts,categorical,0.01,0.2626526251526252,0.263674599512163,0.8794326241134752,0.19988578680203048,0.2,3,0.2,0.2
combined_margin,16,row_candidate_count,categorical,1.0,0.5021064562348966,0.39258885840639035,0.8820921985815603,0.2504286601355269,0.2542016806722689,2,0.25,0.25
combined_margin,16,column_candidate_count,categorical,100.0,0.37986304245159264,0.6051505817932923,0.9113475177304965,0.3333333333333333,0.3333333333333333,2,0.3333119438740588,0.3333333333333333
combined_margin,16,box_candidate_count,categorical,0.01,0.3433644170486276,0.3812406702492909,0.87677304964539,0.2509681948798328,0.2542842215256008,3,0.2502840909090909,0.2545454545454545
combined_margin,16,joint_candidate_count,categorical,1.0,0.43041248715965413,0.45683661068276454,0.9042553191489362,0.333189513477975,0.3333333333333333,2,0.3333333333333333,0.3333333333333333
combined_margin,16,static_joint_candidate_count,categorical,0.01,0.25252087041125176,0.22860102500693322,0.43617021276595747,0.1434917079817502,0.15402721049050755,6,0.14933822409411585,0.15587822014051525
combined_margin,16,target_candidate_legal,categorical,100.0,0.9730848861283644,0.9492827868852459,0.9122340425531915,0.49996798155737704,0.5,1,0.4999359631147541,0.5
combined_margin,128,expected_row_conflicts,numeric,1.0,0.7507263912717848,-6664082.648570981,0.20887338667066324,-13993115.29027841,-9803559.720355941,1,-5952212.177099568,-5541035.514267656
combined_margin,128,expected_column_conflicts,numeric,1.0,0.7407693886673299,-6735434.427570576,0.20616122975522644,-14488213.38398875,-10242218.646051047,1,-5819733.249928169,-5599169.139217414
combined_margin,128,expected_box_conflicts,numeric,1.0,0.7467700943786231,-6523882.446981236,0.2035970323626919,-12482076.800538741,-9029802.305872444,1,-5758458.686804544,-5346467.877073335
combined_margin,128,expected_unique_conflicts,numeric,1.0,0.7456497048600006,-9191358.389506923,0.18918271832783062,-18338422.18515393,-14144150.612209575,1,-7633642.726270331,-7333582.695519495
combined_margin,128,hard_row_conflicts,numeric,100.0,0.23330840313802015,,-0.04644348712697788,,,1,,
combined_margin,128,hard_column_conflicts,numeric,100.0,0.20389832965943655,,-0.054198185944845045,,,1,,
combined_margin,128,hard_box_conflicts,numeric,1.0,0.31470936035115993,,0.0027135634978603385,,,1,,
combined_margin,128,hard_unique_conflicts,numeric,1.0,0.3960308600323603,,0.05988323702622467,,,1,,
combined_margin,128,row_candidate_count,numeric,100.0,0.405720895267374,,0.004958153401627752,,,1,,
combined_margin,128,column_candidate_count,numeric,100.0,0.3438939167422447,,-0.017517595741210146,,,1,,
combined_margin,128,box_candidate_count,numeric,100.0,0.4583154911538878,,3.933432129121783e-05,,,1,,
combined_margin,128,joint_candidate_count,numeric,100.0,0.13621456016876388,,-0.057054003401454834,,,1,,
combined_margin,128,static_joint_candidate_count,numeric,100.0,0.21914900771190682,0.23911104516217685,0.11366121552838193,-0.038164100076340426,0.026360801429827885,1,-0.0019563571256283954,0.0102944841029452
combined_margin,128,hard_row_conflicts,categorical,0.01,0.5631772685912813,0.99822695035461,0.99822695035461,0.9981161347517731,1.0,2,1.0,1.0
combined_margin,128,hard_column_conflicts,categorical,0.01,0.5440896682934899,0.999113475177305,0.999113475177305,0.9970633865248227,0.999113475177305,1,1.0,1.0
combined_margin,128,hard_box_conflicts,categorical,0.01,0.5961538461538461,1.0,1.0,0.997229609929078,1.0,2,1.0,1.0
combined_margin,128,hard_unique_conflicts,categorical,0.01,0.3689827663000651,0.999113475177305,0.999113475177305,0.9967863475177305,0.999113475177305,4,0.9999445921985816,1.0
combined_margin,128,row_candidate_count,categorical,1.0,0.5401525128855503,0.999113475177305,0.999113475177305,0.9966201241134752,0.999113475177305,2,1.0,1.0
combined_margin,128,column_candidate_count,categorical,0.01,0.4219048224965008,0.999113475177305,0.999113475177305,0.9957335992907802,0.99822695035461,2,1.0,1.0
combined_margin,128,box_candidate_count,categorical,1.0,0.6635658914728683,0.99822695035461,0.99822695035461,0.9965093085106383,0.999113475177305,2,1.0,1.0
combined_margin,128,joint_candidate_count,categorical,0.01,0.43026053013798116,0.99822695035461,0.99822695035461,0.9975066489361702,0.999113475177305,2,1.0,1.0
combined_margin,128,static_joint_candidate_count,categorical,1.0,0.19302862753319464,0.22393809609676205,0.40070921985815605,0.14551401160788288,0.16377991789709453,6,0.14974368515898961,0.15850591976094716
combined_margin,128,target_candidate_legal,categorical,1.0,0.9948837209302326,0.9973404255319149,0.9973404255319149,0.9943484042553192,0.999113475177305,1,1.0,1.0
combined_margin,1024,expected_row_conflicts,numeric,10000.0,-78.9018779425529,-536.6711589530227,-0.009672004788864763,-1124.788921361359,-524.1806928728423,1,-490.14435205749203,-487.75397833095366
combined_margin,1024,expected_column_conflicts,numeric,10000.0,-83.18919160669455,-583.5706757022948,-0.010759310761757845,-1016.9853398415595,-575.8782292887863,1,-539.2309157334157,-538.2605799963247
combined_margin,1024,expected_box_conflicts,numeric,10000.0,-81.75516626472294,-573.2684560908765,-0.009638767338102427,-568.241832998858,-559.1088811429308,1,-523.8590935927292,-522.4498177639668
combined_margin,1024,expected_unique_conflicts,numeric,10000.0,-63.89662414249749,-452.11662707349427,-0.010141252842286397,-537.3217749243533,-441.67469742160637,1,-415.7510020959156,-413.68997021317904
combined_margin,1024,hard_row_conflicts,numeric,0.01,,,-9.211687669351653,,,1,,
combined_margin,1024,hard_column_conflicts,numeric,0.01,,,-6.456760466933303,,,1,,
combined_margin,1024,hard_box_conflicts,numeric,0.01,,,-9.211687669351653,,,1,,
combined_margin,1024,hard_unique_conflicts,numeric,0.01,,,-6.492087832561283,,,1,,
combined_margin,1024,row_candidate_count,numeric,0.01,,,-2.9776585256636787,,,1,,
combined_margin,1024,column_candidate_count,numeric,0.01,,,-3.355307690012606,,,1,,
combined_margin,1024,box_candidate_count,numeric,0.01,,,-2.908686540403147,,,1,,
combined_margin,1024,joint_candidate_count,numeric,0.01,,,-6.492087832561483,,,1,,
combined_margin,1024,static_joint_candidate_count,numeric,100.0,0.013924032410043807,0.036380621881208164,0.02269107038120899,-0.03311431025955194,-0.0052566518136780704,1,-0.0031796947042337237,0.00534165177402679
combined_margin,1024,hard_row_conflicts,categorical,0.01,1.0,1.0,1.0,1.0,1.0,1,1.0,1.0
combined_margin,1024,hard_column_conflicts,categorical,0.01,1.0,1.0,1.0,0.9996675531914894,1.0,1,1.0,1.0
combined_margin,1024,hard_box_conflicts,categorical,0.01,1.0,1.0,1.0,0.9994459219858156,1.0,1,1.0,1.0
combined_margin,1024,hard_unique_conflicts,categorical,0.01,1.0,1.0,1.0,0.9989472517730497,1.0,1,1.0,1.0
combined_margin,1024,row_candidate_count,categorical,0.01,1.0,1.0,1.0,0.9982823581560284,1.0,1,1.0,1.0
combined_margin,1024,column_candidate_count,categorical,0.01,1.0,1.0,1.0,0.9988364361702128,1.0,1,1.0,1.0
combined_margin,1024,box_candidate_count,categorical,0.01,1.0,1.0,1.0,0.9973958333333334,1.0,1,1.0,1.0
combined_margin,1024,joint_candidate_count,categorical,0.01,1.0,1.0,1.0,0.9998891843971631,1.0,1,1.0,1.0
combined_margin,1024,static_joint_candidate_count,categorical,0.01,0.15690053470631213,0.16896038223366114,0.37056737588652483,0.14396746731171783,0.1631433287490864,6,0.1431603213056514,0.14564802650368422
combined_margin,1024,target_candidate_legal,categorical,100.0,1.0,1.0,1.0,1.0,1.0,1,1.0,1.0
